url,mobile_url,date,title,dt,week,source
https://www.tennessean.com/story/life/food/2020/04/02/top-nashville-chefs-show-us-how-sinemas-vegetable-curry/5117220002/,https://amp.tennessean.com/amp/5117220002,2020-04-03,Top Nashville chefs show us how : Sinema vegetable curry,2020-04-03T01:45:00Z,2020-03-30,www.tennessean.com
https://vegnews.com/2020/4/miyoko-s-truck-to-give-away-free-vegan-grilled-cheese-sandwiches-to-hospital-workers,NA,2020-04-03,Miyoko Truck to Give Away Free Vegan Grilled Cheese Sandwiches to Hospital Workers,2020-04-03T03:00:00Z,2020-03-30,vegnews.com
https://www.timesnownews.com/health/article/coronavirus-lockdown-8-tips-to-make-your-diet-healthier-and-improve-your-health/573208,https://www.timesnownews.com/amp/health/article/coronavirus-lockdown-8-tips-to-make-your-diet-healthier-and-improve-your-health/573208,2020-04-03,Coronavirus lockdown : 8 tips to make your diet healthier and improve your health,2020-04-03T03:30:00Z,2020-03-30,www.timesnownews.com
https://www.opovo.com.br/noticias/economia/2020/04/02/veja-o-preco-de-que-alimentos-tem-oscilado-durante-a-crise-do-coronavirus.html,https://www.opovo.com.br/amp/noticias/economia/2020/04/02/veja-o-preco-de-que-alimentos-tem-oscilado-durante-a-crise-do-coronavirus.html,2020-04-03,Veja o preço de que alimentos tem oscilado durante a crise do coronavírus | Economia - Últimas Notícias de Economia,2020-04-03T03:45:00Z,2020-03-30,www.opovo.com.br
https://mediaindonesia.com/read/detail/300864-salah-kaprah-mitos-ph-virus-korona,https://m.mediaindonesia.com/amp/amp_detail/300864-salah-kaprah-mitos-ph-virus-korona,2020-04-03,Salah Kaprah Mitos pH Virus Korona,2020-04-03T04:00:00Z,2020-03-30,mediaindonesia.com
https://vz.ru/news/2020/4/3/1032314.html,https://vz.ru/amp/news/2020/4/3/1032314.html,2020-04-03,ВЗГЛЯД / Стало известно о подготовке переговоров ОПЕК+,2020-04-03T06:30:00Z,2020-03-30,vz.ru
https://dziennikzachodni.pl/dieta-na-koronawirusa-i-odpornosc-jedzmy-kiszonki-warzywa-korzenne-i-czosnek-pijmy-kefiry-radzi-dr-katarzyna-kasperkiewicz-z-us/ar/c1-14893021,NA,2020-04-03,"Dieta na koronawirusa i odporność .  Jedzmy kiszonki , warzywa korzenne i czosnek , pijmy kefiry  radzi dr Katarzyna Kasperkiewicz z UŚ",2020-04-03T07:15:00Z,2020-03-30,dziennikzachodni.pl
https://www.thestranger.com/locations/42273908/sam-choys-poke-to-the-max,NA,2020-04-03,"Sam Choy Poke to the Max - Seattle , WA",2020-04-03T07:30:00Z,2020-03-30,www.thestranger.com
https://www.enca.com/news/african-governments-tech-giants-team-fight-coronavirus-lies,NA,2020-04-03,"African governments , tech giants team up to fight coronavirus lies",2020-04-03T08:15:00Z,2020-03-30,www.enca.com
https://www.straitstimes.com/asia/se-asia/coronavirus-false-information-goes-viral-as-malaysia-tackles-outbreak,NA,2020-04-03,Coronavirus : False information goes viral as Malaysia tackles outbreak,2020-04-03T08:15:00Z,2020-03-30,www.straitstimes.com
https://www.republicain-lorrain.fr/sante/2020/04/03/gerer-les-urgences-habituelles-l-autre-defi-du-coronavirus,https://www.republicain-lorrain.fr/amp/sante/2020/04/03/gerer-les-urgences-habituelles-l-autre-defi-du-coronavirus,2020-04-03,"Santé | Gérer les urgences  habituelles , lautre défi du coronavirus",2020-04-03T08:30:00Z,2020-03-30,www.republicain-lorrain.fr
http://saharareporters.com/2020/04/03/covid-19-tackling-misinformation-conspiracy-theories-and-occult-imputations-nigeria-leo,NA,2020-04-03,"COVID - 19 : Tackling Misinformation , Conspiracy Theories And Occult Imputations In Nigeria By Leo Igwe",2020-04-03T10:00:00Z,2020-03-30,saharareporters.com
https://vestikavkaza.ru/news/v-belarusi-narastyat-proizvodstvo-grechki.html,https://vestikavkaza.ru/amp/297752,2020-04-03,В Беларуси нарастят производство гречки,2020-04-03T10:15:00Z,2020-03-30,vestikavkaza.ru
https://www.thejakartapost.com/news/2020/04/03/import-relaxations-not-enough-to-secure-garlic-supply-business-watchdog.html,https://www.thejakartapost.com/amp/news/2020/04/03/import-relaxations-not-enough-to-secure-garlic-supply-business-watchdog.html,2020-04-03,Import relaxations not enough to secure garlic supply : Business watchdog,2020-04-03T10:45:00Z,2020-03-30,www.thejakartapost.com
https://103jamz.iheart.com/content/2020-04-02-chef-gina-neely-gives-tips-on-quickly-building-your-immune-system/,NA,2020-04-03,Chef Gina Neely Gives Tips on Quickly Building Your Immune System,2020-04-03T11:00:00Z,2020-03-30,103jamz.iheart.com
https://news.abs-cbn.com/life/04/03/20/watch-dyan-castillejo-shares-recipe-for-immune-booster,https://news.abs-cbn.com/amp/life/04/03/20/watch-dyan-castillejo-shares-recipe-for-immune-booster,2020-04-03,WATCH : Dyan Castillejo shares recipe for  immune booster,2020-04-03T11:00:00Z,2020-03-30,news.abs-cbn.com
https://thebeatva.iheart.com/featured/ambie-renee/content/2020-04-02-chef-gina-neely-gives-tips-on-quickly-building-your-immune-system/,NA,2020-04-03,Chef Gina Neely Gives Tips on Quickly Building Your Immune System | 92 . 1 The Beat,2020-04-03T12:00:00Z,2020-03-30,thebeatva.iheart.com
https://russian.rt.com/russia/news/734290-infekcionist-alkogol-koronavirus,https://russian.rt.com/russia/news/734290-infekcionist-alkogol-koronavirus/amp,2020-04-03,Инфекционист оценил заявления о пользе алкоголя в борьбе с коронавирусом,2020-04-03T12:15:00Z,2020-03-30,russian.rt.com
https://vejasp.abril.com.br/comida-bebida/restaurantes-delivery-pascoa/,https://vejasp.abril.com.br/comida-bebida/restaurantes-delivery-pascoa/amp/,2020-04-03,Restaurantes com pratos por delivery para a Semana Santa,2020-04-03T12:30:00Z,2020-03-30,vejasp.abril.com.br
https://www.firstpost.com/health/coronavirus-outbreak-narendra-modi-tweets-ayurveda-tips-to-boost-immunity-few-techniques-ayush-ministry-suggests-8225871.html,https://www.firstpost.com/health/coronavirus-outbreak-narendra-modi-tweets-ayurveda-tips-to-boost-immunity-few-techniques-ayush-ministry-suggests-8225871.html/amp,2020-04-03,Coronavirus Outbreak : Narendra Modi tweets Ayurveda tips to boost immunity ; few techniques AYUSH Ministry suggests,2020-04-03T13:30:00Z,2020-03-30,www.firstpost.com
https://dailypost.ng/2020/04/03/covid-19-lai-mohammed-reveals-only-weapon-against-coronavirus/,https://dailypost.ng/2020/04/03/covid-19-lai-mohammed-reveals-only-weapon-against-coronavirus/amp/,2020-04-03,COVID - 19 : Lai Mohammed reveals only weapon against Coronavirus,2020-04-03T14:00:00Z,2020-03-30,dailypost.ng
https://www.newindianexpress.com/states/karnataka/2020/apr/03/coronavirus-pandemic-may-hit-peak-by-april-end-or-early-may-devi-shetty-2125047.html,https://www.newindianexpress.com/states/karnataka/2020/apr/03/coronavirus-pandemic-may-hit-peak-by-april-end-or-early-may-devi-shetty-2125047.amp,2020-04-03,Coronavirus pandemic may hit peak by April end or early May : Devi Shetty,2020-04-03T14:15:00Z,2020-03-30,www.newindianexpress.com
https://www.forbes.com/sites/bradjaphe/2020/04/03/the-perfect-fried-chicken-sandwich-recipe-from-chef-kuniko-yagi-of-pikunico-in-los-angeles/,https://www.forbes.com/sites/bradjaphe/2020/04/03/the-perfect-fried-chicken-sandwich-recipe-from-chef-kuniko-yagi-of-pikunico-in-los-angeles/amp/,2020-04-03,The Perfect Fried Chicken Sandwich Recipe From Chef Kuniko Yagi Of Pikunico In Los Angeles,2020-04-03T14:15:00Z,2020-03-30,www.forbes.com
https://www.freshplaza.com/article/9204973/export-price-of-chinese-garlic-shows-slight-rise/,NA,2020-04-03,Export price of Chinese garlic shows slight rise,2020-04-03T14:30:00Z,2020-03-30,www.freshplaza.com
https://abcnews.go.com/GMA/Food/silky-glossy-pasta-peas-bacon-chef-michael-symon/story?id=69955026,https://goodmorningamerica.com/amp/food/story/silky-glossy-pasta-peas-bacon-chef-michael-symon-69955026,2020-04-03,"Silky , glossy pasta with peas and bacon from chef Michael Symon",2020-04-03T14:45:00Z,2020-03-30,abcnews.go.com
https://punchng.com/nigerians-now-share-different-self-cure-for-coronavirus-via-whatsapp-lai/,https://punchng.com/nigerians-now-share-different-self-cure-for-coronavirus-via-whatsapp-lai/?amp=1,2020-04-03,Nigerians now share self - cure for coronavirus via WhatsApp – Lai,2020-04-03T15:15:00Z,2020-03-30,punchng.com
https://www.actualno.com/society/djindjifil-chesyn-i-limoni-s-50-100-po-skypi-zaradi-koronavirusa-news_1449663.html,https://www.actualno.com/amp/djindjifil-chesyn-i-limoni-s-50-100-po-skypi-zaradi-koronavirusa-news_1449663.html,2020-04-03,"Джинджифил , чесън и лимони с 50 - 100 % по - скъпи заради коронавируса",2020-04-03T15:15:00Z,2020-03-30,www.actualno.com
"http://www.angop.ao/angola/en_us/noticias/africa/2020/3/14/African-governments-team-with-tech-giants-fight-coronavirus-lies,e94c9301-00e3-4757-8e27-22f82f36791d.html",NA,2020-04-03,African governments team up with tech giants to fight coronavirus lies,2020-04-03T15:30:00Z,2020-03-30,www.angop.ao
https://noticias.uol.com.br/ultimas-noticias/rfi/2020/04/03/fake-news-dez-recomendacoes-falsas-para-lutar-contra-o-coronavirus.htm,https://noticias.uol.com.br/ultimas-noticias/rfi/2020/04/03/fake-news-dez-recomendacoes-falsas-para-lutar-contra-o-coronavirus.amp.htm,2020-04-03,Fake news : dez recomendaes falsas para lutar contra o coronavírus,2020-04-03T15:45:00Z,2020-03-30,noticias.uol.com.br
https://www.portsmouth.co.uk/lifestyle/food-and-drink/scrummy-stew-self-isolators-lawrence-murphy-2528910,https://www.portsmouth.co.uk/lifestyle/food-and-drink/scrummy-stew-self-isolators-lawrence-murphy-2528910?amp,2020-04-03,Scrummy stew for self - isolators | Lawrence Murphy,2020-04-03T16:00:00Z,2020-03-30,www.portsmouth.co.uk
http://lionsroarnews.com/23142/coronavirus-myths-vs-facts/uncategorized/,NA,2020-04-03,Coronavirus : Myths vs . Facts,2020-04-03T16:00:00Z,2020-03-30,lionsroarnews.com
https://abqtalk.iheart.com/content/2020-04-03-these-diy-face-masks-are-amazing-but-probably-not-very-effective/,NA,2020-04-03,These DIY Face Masks Are Amazing But Probably Not Very Effective,2020-04-03T16:15:00Z,2020-03-30,abqtalk.iheart.com
https://newsradio540.iheart.com/content/2020-04-03-these-diy-face-masks-are-amazing-but-probably-not-very-effective/,NA,2020-04-03,These DIY Face Masks Are Amazing But Probably Not Very Effective,2020-04-03T16:15:00Z,2020-03-30,newsradio540.iheart.com
https://1059therock.iheart.com/content/2020-04-03-these-diy-face-masks-are-amazing-but-probably-not-very-effective/,NA,2020-04-03,These 25 DIY Face Masks Are Amazing But Probably Not Very Effective,2020-04-03T16:30:00Z,2020-03-30,1059therock.iheart.com
https://939jamz.iheart.com/content/2020-04-03-these-diy-face-masks-are-amazing-but-probably-not-very-effective/,NA,2020-04-03,These 25 DIY Face Masks Are Amazing But Probably Not Very Effective,2020-04-03T16:30:00Z,2020-03-30,939jamz.iheart.com
https://kste.iheart.com/content/2020-04-03-these-diy-face-masks-are-amazing-but-probably-not-very-effective/,NA,2020-04-03,These 25 DIY Face Masks Are Amazing But Probably Not Very Effective,2020-04-03T16:30:00Z,2020-03-30,kste.iheart.com
https://waxe1370.iheart.com/content/2020-04-03-these-diy-face-masks-are-amazing-but-probably-not-very-effective/,NA,2020-04-03,These 25 DIY Face Masks Are Amazing But Probably Not Very Effective,2020-04-03T16:30:00Z,2020-03-30,waxe1370.iheart.com
https://star1043.iheart.com/content/2020-04-03-these-diy-face-masks-are-amazing-but-probably-not-very-effective/,NA,2020-04-03,These 25 DIY Face Masks Are Amazing But Probably Not Very Effective,2020-04-03T16:30:00Z,2020-03-30,star1043.iheart.com
https://rovrocks.iheart.com/content/2020-04-03-these-diy-face-masks-are-amazing-but-probably-not-very-effective/,NA,2020-04-03,These 25 DIY Face Masks Are Amazing But Probably Not Very Effective,2020-04-03T16:30:00Z,2020-03-30,rovrocks.iheart.com
https://993thefox.iheart.com/content/2020-04-03-these-diy-face-masks-are-amazing-but-probably-not-very-effective/,NA,2020-04-03,These 25 DIY Face Masks Are Amazing But Probably Not Very Effective,2020-04-03T16:30:00Z,2020-03-30,993thefox.iheart.com
https://wsrz.iheart.com/content/2020-04-03-these-diy-face-masks-are-amazing-but-probably-not-very-effective/,NA,2020-04-03,These 25 DIY Face Masks Are Amazing But Probably Not Very Effective,2020-04-03T16:30:00Z,2020-03-30,wsrz.iheart.com
https://933flz.iheart.com/content/2020-04-03-these-diy-face-masks-are-amazing-but-probably-not-very-effective/,NA,2020-04-03,These 25 DIY Face Masks Are Amazing But Probably Not Very Effective,2020-04-03T16:30:00Z,2020-03-30,933flz.iheart.com
https://1045thecat.iheart.com/content/2020-04-03-these-diy-face-masks-are-amazing-but-probably-not-very-effective/,NA,2020-04-03,These 25 DIY Face Masks Are Amazing But Probably Not Very Effective,2020-04-03T16:30:00Z,2020-03-30,1045thecat.iheart.com
https://945wfla.iheart.com/content/2020-04-03-these-diy-face-masks-are-amazing-but-probably-not-very-effective/,NA,2020-04-03,These 25 DIY Face Masks Are Amazing But Probably Not Very Effective,2020-04-03T16:45:00Z,2020-03-30,945wfla.iheart.com
https://patriotla.iheart.com/content/2020-04-03-these-diy-face-masks-are-amazing-but-probably-not-very-effective/,NA,2020-04-03,These 25 DIY Face Masks Are Amazing But Probably Not Very Effective,2020-04-03T16:45:00Z,2020-03-30,patriotla.iheart.com
https://wtam.iheart.com/content/2020-04-03-these-diy-face-masks-are-amazing-but-probably-not-very-effective/,NA,2020-04-03,These 25 DIY Face Masks Are Amazing But Probably Not Very Effective,2020-04-03T16:45:00Z,2020-03-30,wtam.iheart.com
https://102ktra.iheart.com/content/2020-04-03-these-diy-face-masks-are-amazing-but-probably-not-very-effective/,NA,2020-04-03,These 25 DIY Face Masks Are Amazing But Probably Not Very Effective,2020-04-03T16:45:00Z,2020-03-30,102ktra.iheart.com
https://1029thelake.iheart.com/content/2020-04-03-these-diy-face-masks-are-amazing-but-probably-not-very-effective/,NA,2020-04-03,These 25 DIY Face Masks Are Amazing But Probably Not Very Effective,2020-04-03T16:45:00Z,2020-03-30,1029thelake.iheart.com
https://wiod.iheart.com/content/2020-04-03-these-diy-face-masks-are-amazing-but-probably-not-very-effective/,NA,2020-04-03,These 25 DIY Face Masks Are Amazing But Probably Not Very Effective,2020-04-03T16:45:00Z,2020-03-30,wiod.iheart.com
https://960weli.iheart.com/content/2020-04-03-these-diy-face-masks-are-amazing-but-probably-not-very-effective/,NA,2020-04-03,These 25 DIY Face Masks Are Amazing But Probably Not Very Effective,2020-04-03T16:45:00Z,2020-03-30,960weli.iheart.com
https://989kkzx.iheart.com/content/2020-04-03-these-diy-face-masks-are-amazing-but-probably-not-very-effective/,NA,2020-04-03,These 25 DIY Face Masks Are Amazing But Probably Not Very Effective,2020-04-03T16:45:00Z,2020-03-30,989kkzx.iheart.com
https://967prideradio.iheart.com/content/2020-04-03-these-diy-face-masks-are-amazing-but-probably-not-very-effective/,NA,2020-04-03,These 25 DIY Face Masks Are Amazing But Probably Not Very Effective,2020-04-03T16:45:00Z,2020-03-30,967prideradio.iheart.com
https://wheb.iheart.com/content/2020-04-03-these-diy-face-masks-are-amazing-but-probably-not-very-effective/,NA,2020-04-03,These 25 DIY Face Masks Are Amazing But Probably Not Very Effective,2020-04-03T16:45:00Z,2020-03-30,wheb.iheart.com
https://wdov.iheart.com/content/2020-04-03-these-diy-face-masks-are-amazing-but-probably-not-very-effective/,NA,2020-04-03,These 25 DIY Face Masks Are Amazing But Probably Not Very Effective | News Radio 1410 WDOV,2020-04-03T16:45:00Z,2020-03-30,wdov.iheart.com
https://newcountry1079.iheart.com/content/2020-04-03-these-diy-face-masks-are-amazing-but-probably-not-very-effective/,NA,2020-04-03,These 25 DIY Face Masks Are Amazing But Probably Not Very Effective,2020-04-03T17:30:00Z,2020-03-30,newcountry1079.iheart.com
https://powertalk967.iheart.com/content/2020-04-03-these-diy-face-masks-are-amazing-but-probably-not-very-effective/,NA,2020-04-03,These 25 DIY Face Masks Are Amazing But Probably Not Very Effective,2020-04-03T17:30:00Z,2020-03-30,powertalk967.iheart.com
https://newsradio1410.iheart.com/content/2020-04-03-these-diy-face-masks-are-amazing-but-probably-not-very-effective/,NA,2020-04-03,These 25 DIY Face Masks Are Amazing But Probably Not Very Effective | News Radio 1410 AM & 100 . 9 FM,2020-04-03T17:30:00Z,2020-03-30,newsradio1410.iheart.com
https://949thebull.iheart.com/content/2020-04-03-these-diy-face-masks-are-amazing-but-probably-not-very-effective/,NA,2020-04-03,These 25 DIY Face Masks Are Amazing But Probably Not Very Effective,2020-04-03T17:30:00Z,2020-03-30,949thebull.iheart.com
https://powertalk1360.iheart.com/content/2020-04-03-these-diy-face-masks-are-amazing-but-probably-not-very-effective/,NA,2020-04-03,These 25 DIY Face Masks Are Amazing But Probably Not Very Effective,2020-04-03T17:30:00Z,2020-03-30,powertalk1360.iheart.com
https://55krc.iheart.com/content/2020-04-03-these-diy-face-masks-are-amazing-but-probably-not-very-effective/,NA,2020-04-03,These 25 DIY Face Masks Are Amazing But Probably Not Very Effective,2020-04-03T17:30:00Z,2020-03-30,55krc.iheart.com
https://sarasotanewsradio.iheart.com/content/2020-04-03-these-diy-face-masks-are-amazing-but-probably-not-very-effective/,NA,2020-04-03,These 25 DIY Face Masks Are Amazing But Probably Not Very Effective,2020-04-03T17:30:00Z,2020-03-30,sarasotanewsradio.iheart.com
https://957bigfm.iheart.com/content/2020-04-03-these-diy-face-masks-are-amazing-but-probably-not-very-effective/,NA,2020-04-03,These 25 DIY Face Masks Are Amazing But Probably Not Very Effective,2020-04-03T17:45:00Z,2020-03-30,957bigfm.iheart.com
https://kpht955.iheart.com/content/2020-04-03-these-diy-face-masks-are-amazing-but-probably-not-very-effective/,NA,2020-04-03,These 25 DIY Face Masks Are Amazing But Probably Not Very Effective,2020-04-03T17:45:00Z,2020-03-30,kpht955.iheart.com
https://knrs.iheart.com/content/2020-04-03-these-diy-face-masks-are-amazing-but-probably-not-very-effective/,NA,2020-04-03,These 25 DIY Face Masks Are Amazing But Probably Not Very Effective | Talk Radio 105 . 9,2020-04-03T17:45:00Z,2020-03-30,knrs.iheart.com
https://q106online.iheart.com/content/2020-04-03-these-diy-face-masks-are-amazing-but-probably-not-very-effective/,NA,2020-04-03,These 25 DIY Face Masks Are Amazing But Probably Not Very Effective,2020-04-03T17:45:00Z,2020-03-30,q106online.iheart.com
https://1430kasi.iheart.com/content/2020-04-03-these-diy-face-masks-are-amazing-but-probably-not-very-effective/,NA,2020-04-03,These 25 DIY Face Masks Are Amazing But Probably Not Very Effective,2020-04-03T17:45:00Z,2020-03-30,1430kasi.iheart.com
https://970wfla.iheart.com/content/2020-04-03-these-diy-face-masks-are-amazing-but-probably-not-very-effective/,NA,2020-04-03,These 25 DIY Face Masks Are Amazing But Probably Not Very Effective,2020-04-03T17:45:00Z,2020-03-30,970wfla.iheart.com
https://800wvhu.iheart.com/content/2020-04-03-these-diy-face-masks-are-amazing-but-probably-not-very-effective/,NA,2020-04-03,These 25 DIY Face Masks Are Amazing But Probably Not Very Effective,2020-04-03T17:45:00Z,2020-03-30,800wvhu.iheart.com
https://rock921.iheart.com/content/2020-04-03-these-diy-face-masks-are-amazing-but-probably-not-very-effective/,NA,2020-04-03,These 25 DIY Face Masks Are Amazing But Probably Not Very Effective,2020-04-03T17:45:00Z,2020-03-30,rock921.iheart.com
https://newstalk910wltp.iheart.com/content/2020-04-03-these-diy-face-masks-are-amazing-but-probably-not-very-effective/,NA,2020-04-03,These 25 DIY Face Masks Are Amazing But Probably Not Very Effective,2020-04-03T17:45:00Z,2020-03-30,newstalk910wltp.iheart.com
https://mysouth1061.iheart.com/content/2020-04-03-these-diy-face-masks-are-amazing-but-probably-not-very-effective/,NA,2020-04-03,These 25 DIY Face Masks Are Amazing But Probably Not Very Effective,2020-04-03T17:45:00Z,2020-03-30,mysouth1061.iheart.com
https://94hjy.iheart.com/content/2020-04-03-these-diy-face-masks-are-amazing-but-probably-not-very-effective/,NA,2020-04-03,These 25 DIY Face Masks Are Amazing But Probably Not Very Effective,2020-04-03T17:45:00Z,2020-03-30,94hjy.iheart.com
https://y957fm.iheart.com/content/2020-04-03-these-diy-face-masks-are-amazing-but-probably-not-very-effective/,NA,2020-04-03,These 25 DIY Face Masks Are Amazing But Probably Not Very Effective,2020-04-03T17:45:00Z,2020-03-30,y957fm.iheart.com
https://wwnc.iheart.com/content/2020-04-03-these-diy-face-masks-are-amazing-but-probably-not-very-effective/,NA,2020-04-03,These 25 DIY Face Masks Are Amazing But Probably Not Very Effective,2020-04-03T17:45:00Z,2020-03-30,wwnc.iheart.com
https://thegrio.com/2020/04/03/hospital-worker-beat-coronavirus-caribbean-homemade-remedy/,https://thegrio.com/2020/04/03/hospital-worker-beat-coronavirus-caribbean-homemade-remedy/amp/,2020-04-03,Hospital worker beats coronavirus with Caribbean homemade remedy,2020-04-03T18:00:00Z,2020-03-30,thegrio.com
https://www.nytimes.com/2020/04/03/dining/asparagus-salad-coronavirus.html,https://www.nytimes.com/2020/04/03/dining/asparagus-salad-coronavirus.amp.html,2020-04-03,Everything Is Negotiable in This Asparagus Salad,2020-04-03T18:00:00Z,2020-03-30,www.nytimes.com
https://hot983.iheart.com/content/2020-04-03-these-diy-face-masks-are-amazing-but-probably-not-very-effective/,NA,2020-04-03,These 25 DIY Face Masks Are Amazing But Probably Not Very Effective,2020-04-03T18:00:00Z,2020-03-30,hot983.iheart.com
https://1053myfm.iheart.com/content/2020-04-03-these-diy-face-masks-are-amazing-but-probably-not-very-effective/,NA,2020-04-03,These 25 DIY Face Masks Are Amazing But Probably Not Very Effective,2020-04-03T18:00:00Z,2020-03-30,1053myfm.iheart.com
https://963realfunbeachradio.iheart.com/content/2020-04-03-these-diy-face-masks-are-amazing-but-probably-not-very-effective/,NA,2020-04-03,These 25 DIY Face Masks Are Amazing But Probably Not Very Effective,2020-04-03T18:00:00Z,2020-03-30,963realfunbeachradio.iheart.com
https://kiisfm.iheart.com/content/2020-04-03-these-diy-face-masks-are-amazing-but-probably-not-very-effective/,NA,2020-04-03,These 25 DIY Face Masks Are Amazing But Probably Not Very Effective,2020-04-03T18:00:00Z,2020-03-30,kiisfm.iheart.com
https://wvoc.iheart.com/content/2020-04-03-these-diy-face-masks-are-amazing-but-probably-not-very-effective/,NA,2020-04-03,These 25 DIY Face Masks Are Amazing But Probably Not Very Effective,2020-04-03T18:00:00Z,2020-03-30,wvoc.iheart.com
https://wescfm.iheart.com/content/2020-04-03-these-diy-face-masks-are-amazing-but-probably-not-very-effective/,NA,2020-04-03,These 25 DIY Face Masks Are Amazing But Probably Not Very Effective,2020-04-03T18:00:00Z,2020-03-30,wescfm.iheart.com
https://920whjj.iheart.com/content/2020-04-03-these-diy-face-masks-are-amazing-but-probably-not-very-effective/,NA,2020-04-03,These 25 DIY Face Masks Are Amazing But Probably Not Very Effective | News Radio 920 AM & 104 . 7 FM,2020-04-03T18:00:00Z,2020-03-30,920whjj.iheart.com
https://wbhpam.iheart.com/content/2020-04-03-these-diy-face-masks-are-amazing-but-probably-not-very-effective/,NA,2020-04-03,These 25 DIY Face Masks Are Amazing But Probably Not Very Effective,2020-04-03T18:00:00Z,2020-03-30,wbhpam.iheart.com
https://1027thewolf.iheart.com/content/2020-04-03-these-diy-face-masks-are-amazing-but-probably-not-very-effective/,NA,2020-04-03,These 25 DIY Face Masks Are Amazing But Probably Not Very Effective,2020-04-03T18:00:00Z,2020-03-30,1027thewolf.iheart.com
https://coast933.iheart.com/content/2020-04-03-these-diy-face-masks-are-amazing-but-probably-not-very-effective/,NA,2020-04-03,These 25 DIY Face Masks Are Amazing But Probably Not Very Effective,2020-04-03T18:00:00Z,2020-03-30,coast933.iheart.com
https://wgy.iheart.com/content/2020-04-03-these-diy-face-masks-are-amazing-but-probably-not-very-effective/,NA,2020-04-03,These 25 DIY Face Masks Are Amazing But Probably Not Very Effective,2020-04-03T18:00:00Z,2020-03-30,wgy.iheart.com
https://rock103.iheart.com/content/2020-04-03-these-diy-face-masks-are-amazing-but-probably-not-very-effective/,NA,2020-04-03,These 25 DIY Face Masks Are Amazing But Probably Not Very Effective,2020-04-03T18:00:00Z,2020-03-30,rock103.iheart.com
https://1031kcda.iheart.com/content/2020-04-03-these-diy-face-masks-are-amazing-but-probably-not-very-effective/,NA,2020-04-03,These 25 DIY Face Masks Are Amazing But Probably Not Very Effective,2020-04-03T18:00:00Z,2020-03-30,1031kcda.iheart.com
https://925fmthebeat.iheart.com/content/2020-04-03-these-diy-face-masks-are-amazing-but-probably-not-very-effective/,NA,2020-04-03,These 25 DIY Face Masks Are Amazing But Probably Not Very Effective,2020-04-03T18:00:00Z,2020-03-30,925fmthebeat.iheart.com
https://woai.iheart.com/content/2020-04-03-these-diy-face-masks-are-amazing-but-probably-not-very-effective/,NA,2020-04-03,These 25 DIY Face Masks Are Amazing But Probably Not Very Effective,2020-04-03T18:00:00Z,2020-03-30,woai.iheart.com
https://kogo.iheart.com/content/2020-04-03-these-diy-face-masks-are-amazing-but-probably-not-very-effective/,NA,2020-04-03,These 25 DIY Face Masks Are Amazing But Probably Not Very Effective,2020-04-03T18:15:00Z,2020-03-30,kogo.iheart.com
https://wmeq.iheart.com/content/2020-04-03-these-diy-face-masks-are-amazing-but-probably-not-very-effective/,NA,2020-04-03,These 25 DIY Face Masks Are Amazing But Probably Not Very Effective,2020-04-03T18:15:00Z,2020-03-30,wmeq.iheart.com
https://newsradiowkcy.iheart.com/content/2020-04-03-these-diy-face-masks-are-amazing-but-probably-not-very-effective/,NA,2020-04-03,These 25 DIY Face Masks Are Amazing But Probably Not Very Effective,2020-04-03T18:15:00Z,2020-03-30,newsradiowkcy.iheart.com
https://600wmtradio.iheart.com/content/2020-04-03-these-diy-face-masks-are-amazing-but-probably-not-very-effective/,NA,2020-04-03,These 25 DIY Face Masks Are Amazing But Probably Not Very Effective | AM 600 WMT,2020-04-03T18:15:00Z,2020-03-30,600wmtradio.iheart.com
https://993thebeat.iheart.com/content/2020-04-03-these-diy-face-masks-are-amazing-but-probably-not-very-effective/,NA,2020-04-03,These 25 DIY Face Masks Are Amazing But Probably Not Very Effective,2020-04-03T18:15:00Z,2020-03-30,993thebeat.iheart.com
https://wsyr.iheart.com/content/2020-04-03-these-diy-face-masks-are-amazing-but-probably-not-very-effective/,NA,2020-04-03,These 25 DIY Face Masks Are Amazing But Probably Not Very Effective,2020-04-03T18:15:00Z,2020-03-30,wsyr.iheart.com
https://945wpti.iheart.com/content/2020-04-03-these-diy-face-masks-are-amazing-but-probably-not-very-effective/,NA,2020-04-03,These 25 DIY Face Masks Are Amazing But Probably Not Very Effective,2020-04-03T18:15:00Z,2020-03-30,945wpti.iheart.com
https://ktok.iheart.com/content/2020-04-03-these-diy-face-masks-are-amazing-but-probably-not-very-effective/,NA,2020-04-03,These 25 DIY Face Masks Are Amazing But Probably Not Very Effective,2020-04-03T18:15:00Z,2020-03-30,ktok.iheart.com
https://941kodj.iheart.com/content/2020-04-03-these-diy-face-masks-are-amazing-but-probably-not-very-effective/,NA,2020-04-03,These DIY Face Masks Are Amazing But Probably Not Very Effective,2020-04-03T18:15:00Z,2020-03-30,941kodj.iheart.com
https://b95forlife.iheart.com/content/2020-04-03-these-diy-face-masks-are-amazing-but-probably-not-very-effective/,NA,2020-04-03,These 25 DIY Face Masks Are Amazing But Probably Not Very Effective,2020-04-03T18:15:00Z,2020-03-30,b95forlife.iheart.com
https://989radionow.iheart.com/content/2020-04-03-these-diy-face-masks-are-amazing-but-probably-not-very-effective/,NA,2020-04-03,These 25 DIY Face Masks Are Amazing But Probably Not Very Effective,2020-04-03T18:15:00Z,2020-03-30,989radionow.iheart.com
https://600wrec.iheart.com/content/2020-04-03-these-diy-face-masks-are-amazing-but-probably-not-very-effective/,NA,2020-04-03,These 25 DIY Face Masks Are Amazing But Probably Not Very Effective,2020-04-03T18:15:00Z,2020-03-30,600wrec.iheart.com
https://101kgb.iheart.com/content/2020-04-03-these-diy-face-masks-are-amazing-but-probably-not-very-effective/,NA,2020-04-03,These 25 DIY Face Masks Are Amazing But Probably Not Very Effective,2020-04-03T18:15:00Z,2020-03-30,101kgb.iheart.com
https://www.northjersey.com/story/news/coronavirus/2020/04/03/home-remedies-coronavirus-dont-work-beware-these-fake-coronavirus-cure/5115157002/,https://amp.northjersey.com/amp/5115157002,2020-04-03,Home remedies for coronavirus dont work . Beware these coronavirus  cures,2020-04-03T18:30:00Z,2020-03-30,www.northjersey.com
https://wonw1280.iheart.com/content/2020-04-03-these-diy-face-masks-are-amazing-but-probably-not-very-effective/,NA,2020-04-03,These 25 DIY Face Masks Are Amazing But Probably Not Very Effective,2020-04-03T18:30:00Z,2020-03-30,wonw1280.iheart.com
https://wccfam.iheart.com/content/2020-04-03-these-diy-face-masks-are-amazing-but-probably-not-very-effective/,NA,2020-04-03,These 25 DIY Face Masks Are Amazing But Probably Not Very Effective,2020-04-03T18:30:00Z,2020-03-30,wccfam.iheart.com
https://nhnewsnetwork610.iheart.com/content/2020-04-03-these-diy-face-masks-are-amazing-but-probably-not-very-effective/,NA,2020-04-03,These 25 DIY Face Masks Are Amazing But Probably Not Very Effective,2020-04-03T18:30:00Z,2020-03-30,nhnewsnetwork610.iheart.com
https://talkradio1080.iheart.com/content/2020-04-03-these-diy-face-masks-are-amazing-but-probably-not-very-effective/,NA,2020-04-03,These 25 DIY Face Masks Are Amazing But Probably Not Very Effective | Louisville Talk Radio 1080,2020-04-03T18:30:00Z,2020-03-30,talkradio1080.iheart.com
https://moose106.iheart.com/content/2020-04-03-these-diy-face-masks-are-amazing-but-probably-not-very-effective/,NA,2020-04-03,These 25 DIY Face Masks Are Amazing But Probably Not Very Effective,2020-04-03T18:30:00Z,2020-03-30,moose106.iheart.com
https://wbex.iheart.com/content/2020-04-03-these-diy-face-masks-are-amazing-but-probably-not-very-effective/,NA,2020-04-03,These 25 DIY Face Masks Are Amazing But Probably Not Very Effective,2020-04-03T18:30:00Z,2020-03-30,wbex.iheart.com
https://wlap.iheart.com/content/2020-04-03-these-diy-face-masks-are-amazing-but-probably-not-very-effective/,NA,2020-04-03,These 25 DIY Face Masks Are Amazing But Probably Not Very Effective,2020-04-03T18:30:00Z,2020-03-30,wlap.iheart.com
https://jetradio1400.iheart.com/content/2020-04-03-these-diy-face-masks-are-amazing-but-probably-not-very-effective/,NA,2020-04-03,These 25 DIY Face Masks Are Amazing But Probably Not Very Effective,2020-04-03T18:30:00Z,2020-03-30,jetradio1400.iheart.com
https://thebeat1037.iheart.com/content/2020-04-03-these-diy-face-masks-are-amazing-but-probably-not-very-effective/,NA,2020-04-03,These 25 DIY Face Masks Are Amazing But Probably Not Very Effective,2020-04-03T18:30:00Z,2020-03-30,thebeat1037.iheart.com
https://mymagic101.iheart.com/content/2020-04-03-these-diy-face-masks-are-amazing-but-probably-not-very-effective/,NA,2020-04-03,These 25 DIY Face Masks Are Amazing But Probably Not Very Effective,2020-04-03T18:30:00Z,2020-03-30,mymagic101.iheart.com
https://alt1029.iheart.com/content/2020-04-03-these-diy-face-masks-are-amazing-but-probably-not-very-effective/,NA,2020-04-03,These 25 DIY Face Masks Are Amazing But Probably Not Very Effective,2020-04-03T18:30:00Z,2020-03-30,alt1029.iheart.com
https://wrno.iheart.com/content/2020-04-03-these-diy-face-masks-are-amazing-but-probably-not-very-effective/,NA,2020-04-03,These 25 DIY Face Masks Are Amazing But Probably Not Very Effective,2020-04-03T18:30:00Z,2020-03-30,wrno.iheart.com
https://1025wfla.iheart.com/content/2020-04-03-these-diy-face-masks-are-amazing-but-probably-not-very-effective/,NA,2020-04-03,These 25 DIY Face Masks Are Amazing But Probably Not Very Effective,2020-04-03T18:30:00Z,2020-03-30,1025wfla.iheart.com
https://wtkg.iheart.com/content/2020-04-03-these-diy-face-masks-are-amazing-but-probably-not-very-effective/,NA,2020-04-03,These 25 DIY Face Masks Are Amazing But Probably Not Very Effective,2020-04-03T18:30:00Z,2020-03-30,wtkg.iheart.com
https://knst.iheart.com/content/2020-04-03-these-diy-face-masks-are-amazing-but-probably-not-very-effective/,NA,2020-04-03,These 25 DIY Face Masks Are Amazing But Probably Not Very Effective,2020-04-03T18:45:00Z,2020-03-30,knst.iheart.com
https://wjno.iheart.com/content/2020-04-03-these-diy-face-masks-are-amazing-but-probably-not-very-effective/,NA,2020-04-03,These 25 DIY Face Masks Are Amazing But Probably Not Very Effective,2020-04-03T18:45:00Z,2020-03-30,wjno.iheart.com
https://wsus1023.iheart.com/content/2020-04-03-these-diy-face-masks-are-amazing-but-probably-not-very-effective/,NA,2020-04-03,These 25 DIY Face Masks Are Amazing But Probably Not Very Effective,2020-04-03T18:45:00Z,2020-03-30,wsus1023.iheart.com
https://q92hv.iheart.com/content/2020-04-03-these-diy-face-masks-are-amazing-but-probably-not-very-effective/,NA,2020-04-03,These 25 DIY Face Masks Are Amazing But Probably Not Very Effective,2020-04-03T18:45:00Z,2020-03-30,q92hv.iheart.com
https://943wsc.iheart.com/content/2020-04-03-these-diy-face-masks-are-amazing-but-probably-not-very-effective/,NA,2020-04-03,These 25 DIY Face Masks Are Amazing But Probably Not Very Effective,2020-04-03T18:45:00Z,2020-03-30,943wsc.iheart.com
https://wsfcam.iheart.com/content/2020-04-03-these-diy-face-masks-are-amazing-but-probably-not-very-effective/,NA,2020-04-03,These 25 DIY Face Masks Are Amazing But Probably Not Very Effective,2020-04-03T18:45:00Z,2020-03-30,wsfcam.iheart.com
https://b101.iheart.com/content/2020-04-03-these-diy-face-masks-are-amazing-but-probably-not-very-effective/,NA,2020-04-03,These 25 DIY Face Masks Are Amazing But Probably Not Very Effective,2020-04-03T18:45:00Z,2020-03-30,b101.iheart.com
https://983try.iheart.com/content/2020-04-03-these-diy-face-masks-are-amazing-but-probably-not-very-effective/,NA,2020-04-03,These 25 DIY Face Masks Are Amazing But Probably Not Very Effective,2020-04-03T18:45:00Z,2020-03-30,983try.iheart.com
https://wlac.iheart.com/content/2020-04-03-these-diy-face-masks-are-amazing-but-probably-not-very-effective/,NA,2020-04-03,These 25 DIY Face Masks Are Amazing But Probably Not Very Effective,2020-04-03T18:45:00Z,2020-03-30,wlac.iheart.com
https://1067rocks.iheart.com/content/2020-04-03-these-diy-face-masks-are-amazing-but-probably-not-very-effective/,NA,2020-04-03,These 25 DIY Face Masks Are Amazing But Probably Not Very Effective,2020-04-03T18:45:00Z,2020-03-30,1067rocks.iheart.com
https://v97fm.iheart.com/content/2020-04-03-these-diy-face-masks-are-amazing-but-probably-not-very-effective/,NA,2020-04-03,These 25 DIY Face Masks Are Amazing But Probably Not Very Effective,2020-04-03T18:45:00Z,2020-03-30,v97fm.iheart.com
https://www.mlive.com/life/2020/04/dr-seema-yasmin-debunks-wild-coronavirus-myths.html,https://www.mlive.com/life/2020/04/dr-seema-yasmin-debunks-wild-coronavirus-myths.html?outputType=amp,2020-04-03,Dr . Seema Yasmin debunks wild coronavirus myths,2020-04-03T19:00:00Z,2020-03-30,www.mlive.com
https://voodoo104.iheart.com/content/2020-04-03-these-diy-face-masks-are-amazing-but-probably-not-very-effective/,NA,2020-04-03,These 25 DIY Face Masks Are Amazing But Probably Not Very Effective,2020-04-03T19:00:00Z,2020-03-30,voodoo104.iheart.com
https://wham1180.iheart.com/content/2020-04-03-these-diy-face-masks-are-amazing-but-probably-not-very-effective/,NA,2020-04-03,These 25 DIY Face Masks Are Amazing But Probably Not Very Effective,2020-04-03T19:00:00Z,2020-03-30,wham1180.iheart.com
https://98rockme.iheart.com/content/2020-04-03-these-diy-face-masks-are-amazing-but-probably-not-very-effective/,NA,2020-04-03,These 25 DIY Face Masks Are Amazing But Probably Not Very Effective,2020-04-03T19:00:00Z,2020-03-30,98rockme.iheart.com
https://570wkbn.iheart.com/content/2020-04-03-these-diy-face-masks-are-amazing-but-probably-not-very-effective/,NA,2020-04-03,These 25 DIY Face Masks Are Amazing But Probably Not Very Effective,2020-04-03T19:00:00Z,2020-03-30,570wkbn.iheart.com
https://cool102.iheart.com/content/2020-04-03-these-diy-face-masks-are-amazing-but-probably-not-very-effective/,NA,2020-04-03,These 25 DIY Face Masks Are Amazing But Probably Not Very Effective,2020-04-03T19:00:00Z,2020-03-30,cool102.iheart.com
https://933fmthewolf.iheart.com/content/2020-04-03-these-diy-face-masks-are-amazing-but-probably-not-very-effective/,NA,2020-04-03,These 25 DIY Face Masks Are Amazing But Probably Not Very Effective,2020-04-03T19:00:00Z,2020-03-30,933fmthewolf.iheart.com
https://1027jackfm.iheart.com/content/2020-04-03-these-diy-face-masks-are-amazing-but-probably-not-very-effective/,NA,2020-04-03,These 25 DIY Face Masks Are Amazing But Probably Not Very Effective,2020-04-03T19:00:00Z,2020-03-30,1027jackfm.iheart.com
https://powertalk1460.iheart.com/content/2020-04-03-these-diy-face-masks-are-amazing-but-probably-not-very-effective/,NA,2020-04-03,These 25 DIY Face Masks Are Amazing But Probably Not Very Effective | PowerTalk 1460 AM & 101 . 1 FM,2020-04-03T19:00:00Z,2020-03-30,powertalk1460.iheart.com
https://newstalk1049.iheart.com/content/2020-04-03-these-diy-face-masks-are-amazing-but-probably-not-very-effective/,NA,2020-04-03,These 25 DIY Face Masks Are Amazing But Probably Not Very Effective,2020-04-03T19:00:00Z,2020-03-30,newstalk1049.iheart.com
https://wmanfm.iheart.com/content/2020-04-03-these-diy-face-masks-are-amazing-but-probably-not-very-effective/,NA,2020-04-03,These 25 DIY Face Masks Are Amazing But Probably Not Very Effective,2020-04-03T19:00:00Z,2020-03-30,wmanfm.iheart.com
https://gazetalubuska.pl/dieta-na-koronawirusa-i-odpornosc-jedzmy-kiszonki-warzywa-korzenne-i-czosnek-pijmy-kefiry-radzi-dr-katarzyna-kasperkiewicz-z-us/ar/c1-14893021,NA,2020-04-03,"Dieta na koronawirusa i odporność .  Jedzmy kiszonki , warzywa korzenne i czosnek , pijmy kefiry  radzi dr Katarzyna Kasperkiewicz z UŚ",2020-04-03T19:15:00Z,2020-03-30,gazetalubuska.pl
https://wmrn.iheart.com/content/2020-04-03-these-diy-face-masks-are-amazing-but-probably-not-very-effective/,NA,2020-04-03,These 25 DIY Face Masks Are Amazing But Probably Not Very Effective,2020-04-03T19:15:00Z,2020-03-30,wmrn.iheart.com
https://kee100.iheart.com/content/2020-04-03-these-diy-face-masks-are-amazing-but-probably-not-very-effective/,NA,2020-04-03,These 25 DIY Face Masks Are Amazing But Probably Not Very Effective,2020-04-03T19:15:00Z,2020-03-30,kee100.iheart.com
https://pyx106.iheart.com/content/2020-04-03-these-diy-face-masks-are-amazing-but-probably-not-very-effective/,NA,2020-04-03,These 25 DIY Face Masks Are Amazing But Probably Not Very Effective,2020-04-03T19:15:00Z,2020-03-30,pyx106.iheart.com
https://x1015.iheart.com/content/2020-04-03-these-diy-face-masks-are-amazing-but-probably-not-very-effective/,NA,2020-04-03,These 25 DIY Face Masks Are Amazing But Probably Not Very Effective,2020-04-03T19:15:00Z,2020-03-30,x1015.iheart.com
https://softrock989.iheart.com/content/2020-04-03-these-diy-face-masks-are-amazing-but-probably-not-very-effective/,NA,2020-04-03,These 25 DIY Face Masks Are Amazing But Probably Not Very Effective,2020-04-03T19:15:00Z,2020-03-30,softrock989.iheart.com
https://rock933.iheart.com/content/2020-04-03-these-diy-face-masks-are-amazing-but-probably-not-very-effective/,NA,2020-04-03,These 25 DIY Face Masks Are Amazing But Probably Not Very Effective,2020-04-03T19:15:00Z,2020-03-30,rock933.iheart.com
https://kisslouisville.iheart.com/content/2020-04-03-these-diy-face-masks-are-amazing-but-probably-not-very-effective/,NA,2020-04-03,These 25 DIY Face Masks Are Amazing But Probably Not Very Effective,2020-04-03T19:15:00Z,2020-03-30,kisslouisville.iheart.com
https://big1047.iheart.com/content/2020-04-03-these-diy-face-masks-are-amazing-but-probably-not-very-effective/,NA,2020-04-03,These 25 DIY Face Masks Are Amazing But Probably Not Very Effective,2020-04-03T19:15:00Z,2020-03-30,big1047.iheart.com
https://talk910.iheart.com/content/2020-04-03-these-diy-face-masks-are-amazing-but-probably-not-very-effective/,NA,2020-04-03,These 25 DIY Face Masks Are Amazing But Probably Not Very Effective,2020-04-03T19:15:00Z,2020-03-30,talk910.iheart.com
https://600kcol.iheart.com/content/2020-04-03-these-diy-face-masks-are-amazing-but-probably-not-very-effective/,NA,2020-04-03,These 25 DIY Face Masks Are Amazing But Probably Not Very Effective,2020-04-03T19:30:00Z,2020-03-30,600kcol.iheart.com
https://kfyi.iheart.com/content/2020-04-03-these-diy-face-masks-are-amazing-but-probably-not-very-effective/,NA,2020-04-03,These 25 DIY Face Masks Are Amazing But Probably Not Very Effective,2020-04-03T19:30:00Z,2020-03-30,kfyi.iheart.com
https://1057manup.iheart.com/content/2020-04-03-these-diy-face-masks-are-amazing-but-probably-not-very-effective/,NA,2020-04-03,These DIY Face Masks Are Amazing But Probably Not Very Effective,2020-04-03T19:30:00Z,2020-03-30,1057manup.iheart.com
https://alt1045.iheart.com/content/2020-04-03-these-diy-face-masks-are-amazing-but-probably-not-very-effective/,NA,2020-04-03,These 25 DIY Face Masks Are Amazing But Probably Not Very Effective,2020-04-03T19:30:00Z,2020-03-30,alt1045.iheart.com
https://720thevoice.iheart.com/content/2020-04-03-these-diy-face-masks-are-amazing-but-probably-not-very-effective/,NA,2020-04-03,These 25 DIY Face Masks Are Amazing But Probably Not Very Effective,2020-04-03T19:30:00Z,2020-03-30,720thevoice.iheart.com
https://wrko.iheart.com/content/2020-04-03-these-diy-face-masks-are-amazing-but-probably-not-very-effective/,NA,2020-04-03,These 25 DIY Face Masks Are Amazing But Probably Not Very Effective,2020-04-03T19:30:00Z,2020-03-30,wrko.iheart.com
https://thebullcountry.iheart.com/content/2020-04-03-these-diy-face-masks-are-amazing-but-probably-not-very-effective/,NA,2020-04-03,These 25 DIY Face Masks Are Amazing But Probably Not Very Effective,2020-04-03T19:30:00Z,2020-03-30,thebullcountry.iheart.com
https://wjdx.iheart.com/content/2020-04-03-these-diy-face-masks-are-amazing-but-probably-not-very-effective/,NA,2020-04-03,These 25 DIY Face Masks Are Amazing But Probably Not Very Effective,2020-04-03T19:30:00Z,2020-03-30,wjdx.iheart.com
https://98txt.iheart.com/content/2020-04-03-these-diy-face-masks-are-amazing-but-probably-not-very-effective/,NA,2020-04-03,These 25 DIY Face Masks Are Amazing But Probably Not Very Effective,2020-04-03T19:30:00Z,2020-03-30,98txt.iheart.com
https://comedy800.iheart.com/content/2020-04-03-these-diy-face-masks-are-amazing-but-probably-not-very-effective/,NA,2020-04-03,These 25 DIY Face Masks Are Amazing But Probably Not Very Effective,2020-04-03T19:30:00Z,2020-03-30,comedy800.iheart.com
https://realradio.iheart.com/content/2020-04-03-these-diy-face-masks-are-amazing-but-probably-not-very-effective/,NA,2020-04-03,These 25 DIY Face Masks Are Amazing But Probably Not Very Effective,2020-04-03T19:30:00Z,2020-03-30,realradio.iheart.com
https://wnnj.iheart.com/content/2020-04-03-these-diy-face-masks-are-amazing-but-probably-not-very-effective/,NA,2020-04-03,These 25 DIY Face Masks Are Amazing But Probably Not Very Effective,2020-04-03T19:30:00Z,2020-03-30,wnnj.iheart.com
https://newsradio1170.iheart.com/content/2020-04-03-these-diy-face-masks-are-amazing-but-probably-not-very-effective/,NA,2020-04-03,These 25 DIY Face Masks Are Amazing But Probably Not Very Effective,2020-04-03T19:30:00Z,2020-03-30,newsradio1170.iheart.com
https://710wor.iheart.com/content/2020-04-03-these-diy-face-masks-are-amazing-but-probably-not-very-effective/,NA,2020-04-03,These 25 DIY Face Masks Are Amazing But Probably Not Very Effective,2020-04-03T19:45:00Z,2020-03-30,710wor.iheart.com
https://wmmbam.iheart.com/content/2020-04-03-these-diy-face-masks-are-amazing-but-probably-not-very-effective/,NA,2020-04-03,These 25 DIY Face Masks Are Amazing But Probably Not Very Effective,2020-04-03T19:45:00Z,2020-03-30,wmmbam.iheart.com
https://klvi.iheart.com/content/2020-04-03-these-diy-face-masks-are-amazing-but-probably-not-very-effective/,NA,2020-04-03,These 25 DIY Face Masks Are Amazing But Probably Not Very Effective,2020-04-03T19:45:00Z,2020-03-30,klvi.iheart.com
https://whp580.iheart.com/content/2020-04-03-these-diy-face-masks-are-amazing-but-probably-not-very-effective/,NA,2020-04-03,These 25 DIY Face Masks Are Amazing But Probably Not Very Effective,2020-04-03T19:45:00Z,2020-03-30,whp580.iheart.com
https://eagle929online.iheart.com/content/2020-04-03-these-diy-face-masks-are-amazing-but-probably-not-very-effective/,NA,2020-04-03,These 25 DIY Face Masks Are Amazing But Probably Not Very Effective,2020-04-03T19:45:00Z,2020-03-30,eagle929online.iheart.com
https://rock107mb.iheart.com/content/2020-04-03-these-diy-face-masks-are-amazing-but-probably-not-very-effective/,NA,2020-04-03,These 25 DIY Face Masks Are Amazing But Probably Not Very Effective,2020-04-03T19:45:00Z,2020-03-30,rock107mb.iheart.com
https://wibafm.iheart.com/content/2020-04-03-these-diy-face-masks-are-amazing-but-probably-not-very-effective/,NA,2020-04-03,These 25 DIY Face Masks Are Amazing But Probably Not Very Effective,2020-04-03T19:45:00Z,2020-03-30,wibafm.iheart.com
https://waax570.iheart.com/content/2020-04-03-these-diy-face-masks-are-amazing-but-probably-not-very-effective/,NA,2020-04-03,These 25 DIY Face Masks Are Amazing But Probably Not Very Effective,2020-04-03T19:45:00Z,2020-03-30,waax570.iheart.com
https://www.dw.com/en/fake-coronavirus-news-what-not-to-fall-for/av-52997987,https://amp.dw.com/en/fake-coronavirus-news-what-not-to-fall-for/av-52997987,2020-04-03,Fake coronavirus news : What not to fall for | DW News - latest news and breaking stories | DW,2020-04-03T20:00:00Z,2020-03-30,www.dw.com
https://www.travelandleisure.com/food-drink/uber-eats-quarantine-data,https://www.travelandleisure.com/food-drink/uber-eats-quarantine-data?amp=true,2020-04-03,Here What People Across the Country Are Ordering on Uber Eats During Quarantine,2020-04-03T20:00:00Z,2020-03-30,www.travelandleisure.com
https://khey1380.iheart.com/content/2020-04-03-these-diy-face-masks-are-amazing-but-probably-not-very-effective/,NA,2020-04-03,These 25 DIY Face Masks Are Amazing But Probably Not Very Effective,2020-04-03T20:00:00Z,2020-03-30,khey1380.iheart.com
https://700wlw.iheart.com/content/2020-04-03-these-diy-face-masks-are-amazing-but-probably-not-very-effective/,NA,2020-04-03,These 25 DIY Face Masks Are Amazing But Probably Not Very Effective,2020-04-03T20:00:00Z,2020-03-30,700wlw.iheart.com
https://790waeb.iheart.com/content/2020-04-03-these-diy-face-masks-are-amazing-but-probably-not-very-effective/,NA,2020-04-03,These 25 DIY Face Masks Are Amazing But Probably Not Very Effective,2020-04-03T20:00:00Z,2020-03-30,790waeb.iheart.com
https://wflafm.iheart.com/content/2020-04-03-these-diy-face-masks-are-amazing-but-probably-not-very-effective/,NA,2020-04-03,These 25 DIY Face Masks Are Amazing But Probably Not Very Effective,2020-04-03T20:00:00Z,2020-03-30,wflafm.iheart.com
https://woc1420.iheart.com/content/2020-04-03-these-diy-face-masks-are-amazing-but-probably-not-very-effective/,NA,2020-04-03,These 25 DIY Face Masks Are Amazing But Probably Not Very Effective,2020-04-03T20:00:00Z,2020-03-30,woc1420.iheart.com
https://1190kex.iheart.com/content/2020-04-03-these-diy-face-masks-are-amazing-but-probably-not-very-effective/,NA,2020-04-03,These 25 DIY Face Masks Are Amazing But Probably Not Very Effective,2020-04-03T20:00:00Z,2020-03-30,1190kex.iheart.com
https://us1035.iheart.com/content/2020-04-03-these-diy-face-masks-are-amazing-but-probably-not-very-effective/,NA,2020-04-03,These 25 DIY Face Masks Are Amazing But Probably Not Very Effective,2020-04-03T20:00:00Z,2020-03-30,us1035.iheart.com
https://khow.iheart.com/content/2020-04-03-these-diy-face-masks-are-amazing-but-probably-not-very-effective/,NA,2020-04-03,These 25 DIY Face Masks Are Amazing But Probably Not Very Effective,2020-04-03T20:00:00Z,2020-03-30,khow.iheart.com
https://ktsmradio.iheart.com/content/2020-04-03-these-diy-face-masks-are-amazing-but-probably-not-very-effective/,NA,2020-04-03,These 25 DIY Face Masks Are Amazing But Probably Not Very Effective,2020-04-03T20:00:00Z,2020-03-30,ktsmradio.iheart.com
https://whnz.iheart.com/content/2020-04-03-these-diy-face-masks-are-amazing-but-probably-not-very-effective/,NA,2020-04-03,These 25 DIY Face Masks Are Amazing But Probably Not Very Effective,2020-04-03T20:00:00Z,2020-03-30,whnz.iheart.com
https://b97fm.iheart.com/content/2020-04-03-these-diy-face-masks-are-amazing-but-probably-not-very-effective/,NA,2020-04-03,These 25 DIY Face Masks Are Amazing But Probably Not Very Effective | B97,2020-04-03T20:00:00Z,2020-03-30,b97fm.iheart.com
https://b93fm.iheart.com/content/2020-04-03-these-diy-face-masks-are-amazing-but-probably-not-very-effective/,NA,2020-04-03,These 25 DIY Face Masks Are Amazing But Probably Not Very Effective,2020-04-03T20:00:00Z,2020-03-30,b93fm.iheart.com
https://twincitiesnewstalk.iheart.com/content/2020-04-03-these-diy-face-masks-are-amazing-but-probably-not-very-effective/,NA,2020-04-03,These 25 DIY Face Masks Are Amazing But Probably Not Very Effective,2020-04-03T20:00:00Z,2020-03-30,twincitiesnewstalk.iheart.com
https://us97.iheart.com/content/2020-04-03-these-diy-face-masks-are-amazing-but-probably-not-very-effective/,NA,2020-04-03,These 25 DIY Face Masks Are Amazing But Probably Not Very Effective,2020-04-03T20:00:00Z,2020-03-30,us97.iheart.com
https://cities97.iheart.com/content/2020-04-03-these-diy-face-masks-are-amazing-but-probably-not-very-effective/,NA,2020-04-03,These 25 DIY Face Masks Are Amazing But Probably Not Very Effective,2020-04-03T20:00:00Z,2020-03-30,cities97.iheart.com
https://wkdwam.iheart.com/content/2020-04-03-these-diy-face-masks-are-amazing-but-probably-not-very-effective/,NA,2020-04-03,These 25 DIY Face Masks Are Amazing But Probably Not Very Effective,2020-04-03T20:00:00Z,2020-03-30,wkdwam.iheart.com
http://www.hngnews.com/lake_mills_leader/article_d3a605b0-5c1f-5450-9c61-b3526a7f62eb.html,NA,2020-04-03,Create a family plan for coronavirus crisis,2020-04-03T20:15:00Z,2020-03-30,www.hngnews.com
https://969thekat.iheart.com/content/2020-04-03-these-diy-face-masks-are-amazing-but-probably-not-very-effective/,NA,2020-04-03,These 25 DIY Face Masks Are Amazing But Probably Not Very Effective,2020-04-03T20:15:00Z,2020-03-30,969thekat.iheart.com
https://997thefox.iheart.com/content/2020-04-03-these-diy-face-masks-are-amazing-but-probably-not-very-effective/,NA,2020-04-03,These 25 DIY Face Masks Are Amazing But Probably Not Very Effective,2020-04-03T20:15:00Z,2020-03-30,997thefox.iheart.com
https://95wxtk.iheart.com/content/2020-04-03-these-diy-face-masks-are-amazing-but-probably-not-very-effective/,NA,2020-04-03,These 25 DIY Face Masks Are Amazing But Probably Not Very Effective,2020-04-03T20:15:00Z,2020-03-30,95wxtk.iheart.com
https://1360kktx.iheart.com/content/2020-04-03-these-diy-face-masks-are-amazing-but-probably-not-very-effective/,NA,2020-04-03,These 25 DIY Face Masks Are Amazing But Probably Not Very Effective,2020-04-03T20:15:00Z,2020-03-30,1360kktx.iheart.com
https://650keni.iheart.com/content/2020-04-03-these-diy-face-masks-are-amazing-but-probably-not-very-effective/,NA,2020-04-03,These 25 DIY Face Masks Are Amazing But Probably Not Very Effective,2020-04-03T20:15:00Z,2020-03-30,650keni.iheart.com
https://1450wkip.iheart.com/content/2020-04-03-these-diy-face-masks-are-amazing-but-probably-not-very-effective/,NA,2020-04-03,These 25 DIY Face Masks Are Amazing But Probably Not Very Effective,2020-04-03T20:15:00Z,2020-03-30,1450wkip.iheart.com
https://wqmf.iheart.com/content/2020-04-03-these-diy-face-masks-are-amazing-but-probably-not-very-effective/,NA,2020-04-03,These 25 DIY Face Masks Are Amazing But Probably Not Very Effective,2020-04-03T20:15:00Z,2020-03-30,wqmf.iheart.com
https://1051theriver.iheart.com/content/2020-04-03-these-diy-face-masks-are-amazing-but-probably-not-very-effective/,NA,2020-04-03,These 25 DIY Face Masks Are Amazing But Probably Not Very Effective,2020-04-03T20:15:00Z,2020-03-30,1051theriver.iheart.com
https://wjbo.iheart.com/content/2020-04-03-these-diy-face-masks-are-amazing-but-probably-not-very-effective/,NA,2020-04-03,These 25 DIY Face Masks Are Amazing But Probably Not Very Effective | WJBO Newsradio 1150 AM & 97 . 7 FM,2020-04-03T20:15:00Z,2020-03-30,wjbo.iheart.com
https://1190talkradio.iheart.com/content/2020-04-03-these-diy-face-masks-are-amazing-but-probably-not-very-effective/,NA,2020-04-03,These 25 DIY Face Masks Are Amazing But Probably Not Very Effective,2020-04-03T20:15:00Z,2020-03-30,1190talkradio.iheart.com
https://www.courierpostonline.com/story/news/coronavirus/2020/04/03/home-remedies-coronavirus-dont-work-beware-these-fake-coronavirus-cure/5115157002/,https://amp.courierpostonline.com/amp/5115157002,2020-04-03,Home remedies for coronavirus dont work . Beware these coronavirus  cures,2020-04-03T20:30:00Z,2020-03-30,www.courierpostonline.com
https://wolfradio933.iheart.com/content/2020-04-03-these-diy-face-masks-are-amazing-but-probably-not-very-effective/,NA,2020-04-03,These 25 DIY Face Masks Are Amazing But Probably Not Very Effective,2020-04-03T20:30:00Z,2020-03-30,wolfradio933.iheart.com
https://whoradio.iheart.com/content/2020-04-03-these-diy-face-masks-are-amazing-but-probably-not-very-effective/,NA,2020-04-03,These 25 DIY Face Masks Are Amazing But Probably Not Very Effective,2020-04-03T21:00:00Z,2020-03-30,whoradio.iheart.com
https://newsradio710.iheart.com/content/2020-04-03-these-diy-face-masks-are-amazing-but-probably-not-very-effective/,NA,2020-04-03,These 25 DIY Face Masks Are Amazing But Probably Not Very Effective,2020-04-03T21:00:00Z,2020-03-30,newsradio710.iheart.com
https://kfab.iheart.com/content/2020-04-03-these-diy-face-masks-are-amazing-but-probably-not-very-effective/,NA,2020-04-03,These 25 DIY Face Masks Are Amazing But Probably Not Very Effective,2020-04-03T21:00:00Z,2020-03-30,kfab.iheart.com
https://talk1430.iheart.com/content/2020-04-03-these-diy-face-masks-are-amazing-but-probably-not-very-effective/,NA,2020-04-03,These 25 DIY Face Masks Are Amazing But Probably Not Very Effective,2020-04-03T21:00:00Z,2020-03-30,talk1430.iheart.com
https://1041beat.iheart.com/content/2020-04-03-these-diy-face-masks-are-amazing-but-probably-not-very-effective/,NA,2020-04-03,These 25 DIY Face Masks Are Amazing But Probably Not Very Effective,2020-04-03T21:00:00Z,2020-03-30,1041beat.iheart.com
https://wercfm.iheart.com/content/2020-04-03-these-diy-face-masks-are-amazing-but-probably-not-very-effective/,NA,2020-04-03,These 25 DIY Face Masks Are Amazing But Probably Not Very Effective,2020-04-03T21:00:00Z,2020-03-30,wercfm.iheart.com
https://whyn.iheart.com/content/2020-04-03-these-diy-face-masks-are-amazing-but-probably-not-very-effective/,NA,2020-04-03,These 25 DIY Face Masks Are Amazing But Probably Not Very Effective,2020-04-03T21:00:00Z,2020-03-30,whyn.iheart.com
https://sunny100.iheart.com/content/2020-04-03-these-diy-face-masks-are-amazing-but-probably-not-very-effective/,NA,2020-04-03,These 25 DIY Face Masks Are Amazing But Probably Not Very Effective,2020-04-03T21:00:00Z,2020-03-30,sunny100.iheart.com
https://my1025.iheart.com/content/2020-04-03-these-diy-face-masks-are-amazing-but-probably-not-very-effective/,NA,2020-04-03,These 25 DIY Face Masks Are Amazing But Probably Not Very Effective,2020-04-03T21:00:00Z,2020-03-30,my1025.iheart.com
https://alt987fm.iheart.com/content/2020-04-03-these-diy-face-masks-are-amazing-but-probably-not-very-effective/,NA,2020-04-03,These 25 DIY Face Masks Are Amazing But Probably Not Very Effective,2020-04-03T21:00:00Z,2020-03-30,alt987fm.iheart.com
https://kzrx921.iheart.com/content/2020-04-03-these-diy-face-masks-are-amazing-but-probably-not-very-effective/,NA,2020-04-03,These 25 DIY Face Masks Are Amazing But Probably Not Very Effective,2020-04-03T21:00:00Z,2020-03-30,kzrx921.iheart.com
https://640wgst.iheart.com/content/2020-04-03-these-diy-face-masks-are-amazing-but-probably-not-very-effective/,NA,2020-04-03,These 25 DIY Face Masks Are Amazing But Probably Not Very Effective,2020-04-03T21:00:00Z,2020-03-30,640wgst.iheart.com
https://www.hindustantimes.com/bollywood/celina-jaitly-don-t-want-to-be-on-one-of-those-influencers-propagating-how-the-beloved-jhadu-can-protect-you-from-covid-19/story-HSotzhff9qn5dPrkd4pkuN.html,https://m.hindustantimes.com/bollywood/celina-jaitly-don-t-want-to-be-on-one-of-those-influencers-propagating-how-the-beloved-jhadu-can-protect-you-from-covid-19/story-HSotzhff9qn5dPrkd4pkuN_amp.html,2020-04-03,Celina Jaitly : Dont want to be on one of those influencers propagating how the beloved jhadu can protect you from COVID - 19 - bollywood,2020-04-03T21:15:00Z,2020-03-30,www.hindustantimes.com
https://www.mycentraljersey.com/story/news/coronavirus/2020/04/03/home-remedies-coronavirus-dont-work-beware-these-fake-coronavirus-cure/5115157002/,https://amp.mycentraljersey.com/amp/5115157002,2020-04-03,Home remedies for coronavirus dont work . Beware these coronavirus  cures,2020-04-03T21:30:00Z,2020-03-30,www.mycentraljersey.com
https://dnews.dn.ua/news/745394,https://dnews.dn.ua/news-amp/745394,2020-04-03,"В Мариуполе цены на лимоны , имбирь и чеснок бьют рекорды ( Видео )",2020-04-03T21:30:00Z,2020-03-30,dnews.dn.ua
https://onlinenigeria.com/stories/78964-covid-19-lai-mohammed-reveals-only-weapon-against-coronavirus-2.html,NA,2020-04-03,COVID - 19 : Lai Mohammed Reveals Only Weapon Against Coronavirus,2020-04-03T21:30:00Z,2020-03-30,onlinenigeria.com
https://www.kltv.com/2020/04/03/watch-texas-professor-discusses-covid-cleaning/,/2020/04/03/watch-texas-professor-discusses-covid-cleaning/?outputType=amp,2020-04-03,WATCH : Texas professor discusses COVID - 19 and cleaning,2020-04-03T21:30:00Z,2020-03-30,www.kltv.com
https://www.wired.com/story/the-biggest-coronavirus-myths-busted/,https://www.wired.com/story/the-biggest-coronavirus-myths-busted/amp,2020-04-03,"The Biggest Coronavirus Myths , Busted",2020-04-03T21:45:00Z,2020-03-30,www.wired.com
https://aif.ru/health/food/chesnok_vam_v_pomoshch_kakie_produkty_pomogut_vystroit_oboronu_protiv_grippa,NA,2020-04-03,Чеснок вам в помощь . Какие продукты помогут выстроить оборону против гриппа,2020-04-03T22:00:00Z,2020-03-30,aif.ru
https://eagle1075.iheart.com/content/2020-04-03-these-diy-face-masks-are-amazing-but-probably-not-very-effective/,NA,2020-04-03,These 25 DIY Face Masks Are Amazing But Probably Not Very Effective,2020-04-03T22:00:00Z,2020-03-30,eagle1075.iheart.com
https://rock967.iheart.com/content/2020-04-03-these-diy-face-masks-are-amazing-but-probably-not-very-effective/,NA,2020-04-03,These 25 DIY Face Masks Are Amazing But Probably Not Very Effective,2020-04-03T22:00:00Z,2020-03-30,rock967.iheart.com
https://hotabq.iheart.com/content/2020-04-03-these-diy-face-masks-are-amazing-but-probably-not-very-effective/,NA,2020-04-03,These 25 DIY Face Masks Are Amazing But Probably Not Very Effective,2020-04-03T22:15:00Z,2020-03-30,hotabq.iheart.com
https://rocketerie.iheart.com/content/2020-04-03-these-diy-face-masks-are-amazing-but-probably-not-very-effective/,NA,2020-04-03,These 25 DIY Face Masks Are Amazing But Probably Not Very Effective,2020-04-03T22:15:00Z,2020-03-30,rocketerie.iheart.com
https://967stevefm.iheart.com/content/2020-04-03-these-diy-face-masks-are-amazing-but-probably-not-very-effective/,NA,2020-04-03,These 25 DIY Face Masks Are Amazing But Probably Not Very Effective,2020-04-03T22:15:00Z,2020-03-30,967stevefm.iheart.com
https://1025thebull.iheart.com/content/2020-04-03-these-diy-face-masks-are-amazing-but-probably-not-very-effective/,NA,2020-04-03,These 25 DIY Face Masks Are Amazing But Probably Not Very Effective,2020-04-03T22:30:00Z,2020-03-30,1025thebull.iheart.com
https://v1011fm.iheart.com/content/2020-04-03-these-diy-face-masks-are-amazing-but-probably-not-very-effective/,NA,2020-04-03,These 25 DIY Face Masks Are Amazing But Probably Not Very Effective,2020-04-03T22:45:00Z,2020-03-30,v1011fm.iheart.com
https://kiss1027fm.iheart.com/content/2020-04-03-these-diy-face-masks-are-amazing-but-probably-not-very-effective/,NA,2020-04-03,These 25 DIY Face Masks Are Amazing But Probably Not Very Effective,2020-04-03T22:45:00Z,2020-03-30,kiss1027fm.iheart.com
https://www.lohud.com/story/news/coronavirus/2020/04/03/home-remedies-coronavirus-dont-work-beware-these-fake-coronavirus-cure/5115157002/,https://amp.lohud.com/amp/5115157002,2020-04-03,Home remedies for coronavirus dont work . Beware these coronavirus  cures,2020-04-03T23:00:00Z,2020-03-30,www.lohud.com
https://kfmqrock1061.iheart.com/content/2020-04-03-these-diy-face-masks-are-amazing-but-probably-not-very-effective/,NA,2020-04-03,These 25 DIY Face Masks Are Amazing But Probably Not Very Effective,2020-04-03T23:00:00Z,2020-03-30,kfmqrock1061.iheart.com
https://96thealtproject.iheart.com/content/2020-04-03-these-diy-face-masks-are-amazing-but-probably-not-very-effective/,NA,2020-04-03,These 25 DIY Face Masks Are Amazing But Probably Not Very Effective,2020-04-03T23:00:00Z,2020-03-30,96thealtproject.iheart.com
https://1003thebeat.iheart.com/content/2020-04-03-these-diy-face-masks-are-amazing-but-probably-not-very-effective/,NA,2020-04-03,These 25 DIY Face Masks Are Amazing But Probably Not Very Effective,2020-04-03T23:00:00Z,2020-03-30,1003thebeat.iheart.com
https://now105.iheart.com/content/2020-04-03-these-diy-face-masks-are-amazing-but-probably-not-very-effective/,NA,2020-04-03,These 25 DIY Face Masks Are Amazing But Probably Not Very Effective,2020-04-03T23:15:00Z,2020-03-30,now105.iheart.com
https://am1230wyts.iheart.com/content/2020-04-03-these-diy-face-masks-are-amazing-but-probably-not-very-effective/,NA,2020-04-03,These 25 DIY Face Masks Are Amazing But Probably Not Very Effective,2020-04-03T23:15:00Z,2020-03-30,am1230wyts.iheart.com
https://talkradio1059.iheart.com/content/2020-04-03-these-diy-face-masks-are-amazing-but-probably-not-very-effective/,NA,2020-04-03,These 25 DIY Face Masks Are Amazing But Probably Not Very Effective,2020-04-03T23:15:00Z,2020-03-30,talkradio1059.iheart.com
https://www.dailyrecord.com/story/news/coronavirus/2020/04/03/home-remedies-coronavirus-dont-work-beware-these-fake-coronavirus-cure/5115157002/,https://amp.dailyrecord.com/amp/5115157002,2020-04-03,Home remedies for coronavirus dont work . Beware these coronavirus  cures,2020-04-03T23:30:00Z,2020-03-30,www.dailyrecord.com
https://star1019.iheart.com/content/2020-04-03-these-diy-face-masks-are-amazing-but-probably-not-very-effective/,NA,2020-04-03,These 25 DIY Face Masks Are Amazing But Probably Not Very Effective,2020-04-03T23:30:00Z,2020-03-30,star1019.iheart.com
https://newstalk1400online.iheart.com/content/2020-04-03-these-diy-face-masks-are-amazing-but-probably-not-very-effective/,NA,2020-04-03,These 25 DIY Face Masks Are Amazing But Probably Not Very Effective,2020-04-03T23:30:00Z,2020-03-30,newstalk1400online.iheart.com
https://wgmz.iheart.com/content/2020-04-03-these-diy-face-masks-are-amazing-but-probably-not-very-effective/,NA,2020-04-03,These 25 DIY Face Masks Are Amazing But Probably Not Very Effective,2020-04-03T23:30:00Z,2020-03-30,wgmz.iheart.com
https://957thejet.iheart.com/content/2020-04-03-these-diy-face-masks-are-amazing-but-probably-not-very-effective/,NA,2020-04-04,These 25 DIY Face Masks Are Amazing But Probably Not Very Effective,2020-04-04T00:00:00Z,2020-03-30,957thejet.iheart.com
https://rock963.iheart.com/content/2020-04-03-these-diy-face-masks-are-amazing-but-probably-not-very-effective/,NA,2020-04-04,These 25 DIY Face Masks Are Amazing But Probably Not Very Effective,2020-04-04T00:00:00Z,2020-03-30,rock963.iheart.com
